{"optimizer": "Adam", "description": "", "params": {"lr": 0.01, "betas": [0.9, 0.999], "eps": 1e-08, "weight_decay": 0, "amsgrad": false}, "epochs": [["{\"loss\": 0.4140821457542479, \"categorical_acc\": 0.8424745967626571}"], ["{\"loss\": 0.16727090846989304, \"categorical_acc\": 0.9332375}"], ["{\"loss\": 0.14076080934405327, \"categorical_acc\": 0.9432366935491562}"]], "metrics": ["categorical_acc"], "multi_tasks": []}