{"optimizer": "Adam", "description": "", "params": {"lr": 0.01, "betas": [0.9, 0.999], "eps": 1e-08, "weight_decay": 0, "amsgrad": false}, "epochs": [[{"loss": 1.1267871088385581, "binary_acc": 0.0}, {"loss": 0.8510959559679031, "binary_acc": 0.0}], [{"loss": 0.8414293628334999, "binary_acc": 0.0}, {"loss": 0.8366460430622101, "binary_acc": 0.0}], [{"loss": 0.8350917971730232, "binary_acc": 0.0}, {"loss": 0.8340670758485794, "binary_acc": 0.0}]], "metrics": ["binary_acc"], "multi_tasks": []}