{"optimizer": "Adam", "description": "", "params": {"lr": 0.01, "betas": [0.9, 0.999], "eps": 1e-08, "weight_decay": 0, "amsgrad": false}, "epochs": [["{\"loss\": 0.45822934428304435, \"categorical_acc\": 0.8244479838609695}"], ["{\"loss\": 0.19975508749280124, \"categorical_acc\": 0.9230616935491562}"], ["{\"loss\": 0.174207947887294, \"categorical_acc\": 0.9325862903118134}"]], "metrics": ["categorical_acc"], "multi_tasks": []}