{"optimizer": "Adam", "description": "", "params": {"lr": 0.001, "betas": [0.9, 0.999], "eps": 1e-08, "weight_decay": 0, "amsgrad": false}, "epochs": [[{"loss": 0.6970616921186447, "binary_acc": 0.500875}, {"loss": 0.6931490731239319, "binary_acc": 0.5096875}], [{"loss": 0.6932759212255478, "binary_acc": 0.5044375}, {"loss": 0.693121919631958, "binary_acc": 0.5003125}]], "metrics": ["binary_acc"], "multi_tasks": []}