{"optimizer": "Adam", "description": "", "params": {"lr": 0.001, "betas": [0.9, 0.999], "eps": 1e-08, "weight_decay": 0, "amsgrad": false}, "epochs": [[{"loss": 0.6935348317027092, "binary_acc": 0.50546875}, {"loss": 0.6934383821487426, "binary_acc": 0.4990625}], [{"loss": 0.6932396429777146, "binary_acc": 0.50325}, {"loss": 0.6933918994665146, "binary_acc": 0.4990625}], [{"loss": 0.6932413375973702, "binary_acc": 0.5030625}, {"loss": 0.6933940762281418, "binary_acc": 0.4990625}]], "metrics": ["binary_acc"], "multi_tasks": []}